,City Name,Country,Longitude,Latitude,Maximum Tempeture,Humidity,Cloudiness(%),Wind Speed,Date
0,Kapaa,US,-159.32,22.08,82.4,78,90,8.05,October 21 2019
1,Paamiut,GL,-49.67,61.99,41.22,54,0,8.12,October 21 2019
2,Tiksi,RU,128.87,71.64,2.72,90,66,6.62,October 21 2019
3,Omboue,GA,9.26,-1.57,75.76,89,59,7.29,October 21 2019
4,Bosaso,SO,49.18,11.28,80.6,78,20,8.57,October 21 2019
5,Dikson,RU,80.55,73.51,25.69,80,84,16.4,October 21 2019
6,Tayshet,RU,98.01,55.94,27.33,54,91,6.51,October 21 2019
7,Avarua,CK,-159.78,-21.21,75.2,88,0,8.05,October 21 2019
8,Monrovia,LR,-10.8,6.33,77.0,94,40,0.74,October 21 2019
9,Cidreira,BR,-50.22,-30.17,60.79,73,100,7.11,October 21 2019
10,Wronki,PL,16.37,52.71,54.0,100,30,1.12,October 21 2019
11,Provideniya,RU,-173.23,64.42,32.0,92,90,15.66,October 21 2019
12,Rikitea,PF,-134.97,-23.12,70.53,73,97,16.58,October 21 2019
13,Hermanus,ZA,19.24,-34.42,59.0,72,99,4.0,October 21 2019
14,Puerto Ayora,EC,-90.35,-0.74,68.0,89,12,7.0,October 21 2019
15,Hobart,AU,147.33,-42.88,73.0,42,20,11.41,October 21 2019
16,Constitucion,MX,-104.67,23.99,64.99,77,100,8.01,October 21 2019
17,Vostochnyy,RU,37.87,55.82,53.6,81,0,8.95,October 21 2019
18,San Patricio,PY,-56.83,-26.98,59.74,98,97,3.38,October 21 2019
19,Goya,AR,-59.27,-29.14,53.48,96,97,6.24,October 21 2019
20,Cherskiy,RU,161.3,68.75,1.26,95,3,0.4,October 21 2019
21,Ushuaia,AR,-68.31,-54.81,27.94,95,7,4.76,October 21 2019
22,Nsanje,MZ,35.26,-16.92,94.03,38,0,0.74,October 21 2019
23,Cabo San Lucas,MX,-109.91,22.89,79.0,69,75,4.7,October 21 2019
24,Linxia,CN,103.21,35.6,54.16,45,85,6.08,October 21 2019
25,Port Elizabeth,US,-74.98,39.31,57.2,87,90,10.29,October 21 2019
26,Lompoc,US,-120.46,34.64,73.0,26,1,11.41,October 21 2019
27,Geraldton,CA,-86.95,49.72,32.0,91,20,2.24,October 21 2019
28,Arraial do Cabo,BR,-42.02,-22.97,69.23,73,53,12.26,October 21 2019
29,Bubaque,GW,-15.83,11.28,81.24,84,91,8.84,October 21 2019
30,Tuktoyaktuk,CA,-133.03,69.44,19.4,85,40,9.17,October 21 2019
31,West Wendover,US,-114.07,40.74,46.4,42,90,3.36,October 21 2019
32,Haines Junction,CA,-137.51,60.75,19.8,87,0,2.06,October 21 2019
33,Hithadhoo,MV,73.08,-0.6,81.13,75,72,11.32,October 21 2019
34,Cape Town,ZA,18.42,-33.93,60.01,71,40,3.36,October 21 2019
35,Tazovskiy,RU,78.7,67.47,23.35,90,74,9.48,October 21 2019
36,Albany,US,-73.75,42.65,46.99,93,90,5.82,October 21 2019
37,Carnarvon,ZA,22.13,-30.97,56.67,51,0,18.05,October 21 2019
38,Creston,CA,-116.52,49.1,37.4,93,90,2.48,October 21 2019
39,Mar del Plata,AR,-67.52,-46.43,53.59,44,100,16.89,October 21 2019
40,Port Alfred,ZA,26.89,-33.59,63.0,86,81,7.0,October 21 2019
41,Codrington,AU,153.24,-28.95,75.2,38,0,16.11,October 21 2019
42,Castro,CL,-73.76,-42.48,41.0,93,75,5.82,October 21 2019
43,Porbandar,IN,69.61,21.64,80.6,69,20,8.05,October 21 2019
44,Suluq,LY,20.25,31.67,72.88,75,100,12.24,October 21 2019
45,Upernavik,GL,-56.15,72.79,16.62,75,72,7.74,October 21 2019
46,Ipixuna,BR,-48.8,-1.76,77.0,88,0,4.7,October 21 2019
47,Nagato,JP,131.14,34.35,72.0,53,40,6.93,October 21 2019
48,Thompson,CA,-97.86,55.74,33.8,96,90,3.36,October 21 2019
49,Jamestown,AU,138.6,-33.21,82.24,14,35,5.99,October 21 2019
50,Luga,RU,29.85,58.74,52.53,87,100,11.05,October 21 2019
51,Kodiak,US,-94.76,39.95,57.99,93,90,5.82,October 21 2019
52,Kahului,US,-156.47,20.89,84.2,62,40,5.82,October 21 2019
53,Busselton,AU,115.35,-33.64,73.99,38,0,11.27,October 21 2019
54,Coihaique,CL,-72.07,-45.58,39.2,93,0,2.24,October 21 2019
55,Yulara,AU,130.99,-25.24,87.8,8,100,10.29,October 21 2019
56,Shieli,KZ,66.74,44.18,54.74,39,57,16.44,October 21 2019
57,Victor Harbor,AU,138.62,-35.55,70.0,52,0,13.87,October 21 2019
58,Neryungri,RU,124.71,56.66,31.02,86,100,4.05,October 21 2019
59,Saint-Michel-des-Saints,CA,-73.92,46.68,39.99,8,20,1.43,October 21 2019
60,Kutum,SD,24.66,14.2,79.18,37,49,8.57,October 21 2019
61,Gizo,IL,34.94,31.8,69.8,77,20,3.36,October 21 2019
62,Bereda,ES,-7.54,43.27,48.99,100,40,2.24,October 21 2019
63,Nikolskoye,RU,30.79,59.7,51.01,93,75,8.95,October 21 2019
64,Bluff,AU,149.07,-23.58,83.2,30,45,13.73,October 21 2019
65,Isangel,VU,169.27,-19.55,82.4,69,75,9.17,October 21 2019
66,Morros,BR,-44.04,-2.87,78.8,88,0,3.36,October 21 2019
67,Kargil,PK,76.13,34.56,37.44,21,0,6.96,October 21 2019
68,Barkot,IN,78.21,30.81,71.6,64,0,4.61,October 21 2019
69,Wasilla,US,-149.44,61.58,41.0,52,90,11.41,October 21 2019
70,Mount Gambier,AU,140.78,-37.83,62.6,59,0,8.05,October 21 2019
71,Loum,CM,9.72,4.72,72.11,90,94,1.59,October 21 2019
72,Keti Bandar,PK,67.45,24.14,85.39,62,82,4.83,October 21 2019
73,Punta Arenas,CL,-70.91,-53.16,39.2,84,0,13.87,October 21 2019
74,Ibra,OM,58.55,22.69,85.61,20,0,4.79,October 21 2019
75,Daliao,TW,120.4,22.61,84.2,61,20,9.17,October 21 2019
76,Faya,SA,42.45,18.39,59.0,33,0,1.97,October 21 2019
77,Sitka,US,-99.65,37.17,52.0,47,42,17.0,October 21 2019
78,Vaini,IN,74.49,15.34,73.4,88,75,2.24,October 21 2019
79,Atuona,PF,-139.03,-9.8,79.33,74,1,13.38,October 21 2019
80,Khatanga,RU,102.47,71.98,19.73,92,100,14.76,October 21 2019
81,Mogadishu,SO,45.34,2.04,77.0,69,20,3.36,October 21 2019
82,Mantua,IT,10.79,45.16,64.99,68,75,9.17,October 21 2019
83,Butaritari,KI,172.79,3.07,85.27,68,36,10.02,October 21 2019
84,Westlock,CA,-113.85,54.15,34.0,92,1,4.7,October 21 2019
85,Lebu,ET,38.73,8.96,60.61,64,2,3.56,October 21 2019
86,Hilo,US,-155.08,19.71,80.6,69,90,4.7,October 21 2019
87,Esperance,AU,121.89,-33.86,68.0,68,75,14.99,October 21 2019
88,Batagay-Alyta,RU,130.41,67.8,9.43,75,14,2.89,October 21 2019
89,Adeje,NG,5.76,5.68,75.3,92,57,4.0,October 21 2019
90,Rawson,AR,-65.11,-43.3,61.53,28,83,19.91,October 21 2019
91,Port Lincoln,AU,135.86,-34.72,63.92,70,100,10.78,October 21 2019
92,Central Point,US,-122.91,42.38,51.8,76,90,3.36,October 21 2019
93,Narsaq,GL,-46.05,60.91,48.2,19,0,20.8,October 21 2019
94,Chicama,PE,-79.15,-7.84,60.8,87,90,9.17,October 21 2019
95,Burnie,AU,145.91,-41.05,62.28,48,0,9.55,October 21 2019
96,San Jose,HN,-87.96,14.25,64.23,87,68,2.71,October 21 2019
97,Barrow,AR,-60.23,-38.31,54.24,62,100,10.0,October 21 2019
98,Lasa,CY,32.53,34.92,66.2,59,20,8.05,October 21 2019
99,Ronne,FR,0.83,48.45,48.99,100,100,8.05,October 21 2019
100,Dwarka,IN,77.04,28.58,84.0,60,20,5.82,October 21 2019
101,Qaanaaq,GL,-69.36,77.48,1.66,46,0,11.14,October 21 2019
102,Tautira,PF,-149.15,-17.73,82.0,83,75,18.34,October 21 2019
103,Santa Cruz del Sur,CU,-78.0,20.71,73.75,95,100,5.55,October 21 2019
104,Broken Hill,AU,141.45,-31.97,77.0,17,0,10.29,October 21 2019
105,Ponta Delgada,PT,-25.67,37.73,59.0,72,40,6.93,October 21 2019
106,Wanning,AT,13.53,48.64,55.0,100,75,2.24,October 21 2019
107,Vao,EE,26.19,59.1,48.31,86,100,15.3,October 21 2019
108,Padang,ID,100.36,-0.92,78.75,88,83,15.64,October 21 2019
109,Georgetown,GY,-58.16,6.8,77.0,94,40,4.7,October 21 2019
110,Kruisfontein,ZA,24.73,-34.0,57.44,72,98,26.55,October 21 2019
111,Tasiilaq,GL,-37.64,65.61,21.2,79,0,4.7,October 21 2019
112,Bethel,US,-161.76,60.79,33.8,100,90,5.82,October 21 2019
113,Maniitsoq,GL,-52.9,65.42,36.56,50,0,8.01,October 21 2019
114,Iwakuni,JP,132.13,34.19,73.0,56,75,12.75,October 21 2019
115,Hasaki,JP,140.83,35.73,66.2,68,75,13.87,October 21 2019
116,Campbellsville,US,-85.34,37.34,57.2,100,1,4.7,October 21 2019
117,Mataura,NZ,168.86,-46.19,46.0,86,91,8.99,October 21 2019
118,Saskylakh,RU,114.09,71.97,10.15,94,100,11.21,October 21 2019
119,Uruzgan,AF,66.63,32.93,56.07,16,0,6.13,October 21 2019
120,Gigmoto,PH,124.39,13.78,83.22,73,4,6.15,October 21 2019
121,Manokwari,ID,134.08,-0.87,78.39,82,67,3.76,October 21 2019
122,Trairi,BR,-39.27,-3.28,75.03,81,100,6.64,October 21 2019
123,Auki,NG,6.51,12.18,72.83,85,0,4.7,October 21 2019
124,Yellowknife,CA,-114.38,62.45,23.0,85,5,4.7,October 21 2019
125,Ancud,CL,-73.83,-41.87,41.0,93,75,5.82,October 21 2019
126,Vestmannaeyjar,IS,-20.27,63.44,46.23,81,100,16.73,October 21 2019
127,Superior,US,-105.17,39.95,41.0,35,1,3.36,October 21 2019
128,Mao,DO,-71.08,19.55,81.0,88,20,6.93,October 21 2019
129,La Ronge,CA,-105.3,55.1,33.8,86,90,3.36,October 21 2019
130,Faanui,PF,-151.75,-16.48,78.82,77,90,11.61,October 21 2019
131,Buin,CL,-70.74,-33.73,51.8,62,0,5.82,October 21 2019
132,Henties Bay,NA,14.28,-22.12,60.01,90,0,5.99,October 21 2019
133,Mahebourg,MU,57.7,-20.41,75.99,88,90,13.87,October 21 2019
134,Bucyrus,US,-82.98,40.81,57.99,76,20,8.46,October 21 2019
135,Torbay,CA,-52.73,47.66,43.0,86,75,13.87,October 21 2019
136,Baruun-Urt,MN,113.28,46.68,44.39,26,94,4.45,October 21 2019
137,Souillac,FR,-0.6,45.6,48.0,100,90,4.7,October 21 2019
138,Pevek,RU,170.27,69.7,28.12,73,96,10.22,October 21 2019
139,Eluru,IN,81.12,16.71,82.4,78,90,5.82,October 21 2019
140,Novobirilyussy,RU,90.69,56.95,26.21,49,1,4.68,October 21 2019
141,Mnogovershinnyy,RU,139.92,53.94,42.63,85,82,4.74,October 21 2019
142,Muravlenko,RU,74.5,63.79,27.87,90,100,8.72,October 21 2019
143,Bredasdorp,ZA,20.04,-34.53,59.0,62,95,10.29,October 21 2019
144,Marsh Harbour,BS,-77.06,26.54,81.47,87,52,10.69,October 21 2019
145,Rongcheng,CN,122.42,37.16,68.11,64,96,8.88,October 21 2019
146,Pangody,RU,74.49,65.85,26.34,86,50,9.44,October 21 2019
147,Khudaganj,IN,79.75,28.19,82.42,38,40,9.84,October 21 2019
148,Yangambi,CD,24.47,0.77,72.31,97,98,3.13,October 21 2019
149,Hare Bay,CA,-53.99,48.86,39.2,93,90,12.75,October 21 2019
150,Nikel,NO,30.21,69.41,21.2,85,0,25.28,October 21 2019
151,Kedgwick,CA,-67.35,47.65,34.29,92,20,2.73,October 21 2019
152,Lerwick,GB,-1.15,60.15,46.4,61,91,9.17,October 21 2019
153,Dhidhdhoo,MV,73.1,6.88,78.72,84,100,16.75,October 21 2019
154,Havre-Saint-Pierre,CA,-63.6,50.23,30.2,92,20,3.36,October 21 2019
155,Baykit,RU,96.39,61.68,21.26,62,98,4.83,October 21 2019
156,Ciudad Bolivar,VE,-63.55,8.12,76.61,86,54,7.81,October 21 2019
157,Kavieng,PG,150.8,-2.57,82.42,72,100,4.47,October 21 2019
158,Vila Velha,BR,-38.6,-3.71,79.0,74,75,10.29,October 21 2019
159,New Norfolk,AU,147.06,-42.78,73.0,42,20,11.41,October 21 2019
160,Kromy,RU,35.77,52.69,51.14,76,10,9.57,October 21 2019
161,Victoria,BN,115.24,5.28,91.4,55,75,3.36,October 21 2019
162,Matay,EG,30.79,28.42,80.19,28,0,4.54,October 21 2019
163,Pisco,PE,-76.2,-13.71,62.6,82,0,6.93,October 21 2019
164,Aklavik,CA,-135.01,68.22,15.8,72,20,8.05,October 21 2019
165,Santiago,PH,121.54,16.69,84.64,64,47,3.87,October 21 2019
166,Berezovyy,RU,135.7,51.67,43.31,79,99,1.39,October 21 2019
167,Guerrero Negro,MX,-114.04,27.97,67.68,82,0,10.22,October 21 2019
168,Clermont,FR,2.41,49.38,51.8,100,90,4.7,October 21 2019
169,Harrison,US,-84.82,39.26,61.0,87,1,6.62,October 21 2019
170,Santona,ES,-3.46,43.44,52.0,81,40,8.05,October 21 2019
171,Naze,NG,7.07,5.43,73.55,94,100,2.28,October 21 2019
172,Kaitangata,NZ,169.85,-46.28,51.01,52,100,11.01,October 21 2019
173,Izumo,JP,132.75,35.37,68.0,68,75,16.11,October 21 2019
174,Flinders,AU,150.85,-34.58,75.0,43,0,10.29,October 21 2019
175,Buguruslan,RU,52.44,53.66,40.9,86,100,13.44,October 21 2019
176,Fare,PF,-151.02,-16.7,76.81,81,100,5.66,October 21 2019
177,Pangnirtung,CA,-65.72,66.15,18.15,48,30,2.55,October 21 2019
178,Cockburn Town,TC,-71.14,21.46,83.56,77,100,14.45,October 21 2019
179,Onda,ES,-0.26,39.96,55.0,93,0,3.36,October 21 2019
180,Broome,GB,1.45,52.47,54.0,87,100,11.41,October 21 2019
181,Dingle,PH,122.67,11.0,83.41,79,100,9.06,October 21 2019
182,Makakilo City,US,-158.09,21.35,82.4,83,40,8.05,October 21 2019
183,Junagarh,IN,82.94,19.86,80.17,78,40,4.32,October 21 2019
184,Bambous Virieux,MU,57.76,-20.34,75.99,88,90,13.87,October 21 2019
185,San Cristobal,HN,-86.92,14.68,65.54,94,58,2.93,October 21 2019
186,Norman Wells,CA,-126.83,65.28,24.8,100,75,2.24,October 21 2019
187,Eureka,US,-124.16,40.8,52.0,87,1,3.94,October 21 2019
188,Sao Paulo de Olivenca,BR,-68.87,-3.38,70.96,99,100,2.48,October 21 2019
189,Nanortalik,GL,-45.24,60.14,38.38,62,89,6.44,October 21 2019
190,Ciechocinek,PL,18.79,52.88,51.01,100,16,3.36,October 21 2019
191,Teguise,ES,-13.56,29.06,66.2,68,3,8.05,October 21 2019
192,Fort Nelson,CA,-122.69,58.81,35.6,93,90,2.24,October 21 2019
193,Brae,GB,-1.35,60.4,46.4,70,91,10.29,October 21 2019
194,Grand-Lahou,CI,-5.0,5.24,73.15,98,99,2.62,October 21 2019
195,Siuna,NI,-84.78,13.73,69.25,99,46,0.69,October 21 2019
196,Sistranda,NO,8.83,63.73,43.0,93,75,3.36,October 21 2019
197,Rafaela,AR,-61.49,-31.25,53.01,100,31,1.01,October 21 2019
198,Ketchikan,US,-131.65,55.34,41.0,93,1,8.05,October 21 2019
199,Rio Branco,BR,-67.82,-9.98,73.4,100,0,1.72,October 21 2019
200,Ryotsu,JP,138.43,38.08,66.2,68,100,9.17,October 21 2019
201,Los Llanos de Aridane,ES,-17.92,28.66,68.0,64,75,10.29,October 21 2019
202,Okha,RU,142.95,53.59,48.91,78,84,11.45,October 21 2019
203,Podgorica,ME,19.26,42.44,53.6,81,0,5.82,October 21 2019
204,Avera,US,-82.53,33.19,64.4,100,1,1.41,October 21 2019
205,Airai,TL,125.41,-8.93,89.75,39,15,2.13,October 21 2019
206,Cascais,PT,-9.42,38.7,54.0,87,0,2.24,October 21 2019
207,Margate,AU,147.26,-43.03,73.0,42,20,11.41,October 21 2019
208,Kenai,US,-151.26,60.55,42.01,86,90,5.82,October 21 2019
209,Grand Gaube,MU,57.66,-20.01,75.99,88,90,13.87,October 21 2019
210,Vargem Grande,BR,-46.2,-23.71,62.6,87,90,5.82,October 21 2019
211,Alta Floresta,BR,-56.08,-9.87,70.74,97,98,0.96,October 21 2019
212,Lagoa,PT,-8.45,37.14,53.01,93,0,2.24,October 21 2019
213,Versalles,CO,-76.2,4.58,69.8,94,75,0.2,October 21 2019
214,Visby,SE,18.3,57.64,48.99,100,75,4.7,October 21 2019
215,Karratha,AU,116.85,-20.74,96.55,27,68,18.86,October 21 2019
216,Syasstroy,RU,32.56,60.14,45.61,95,100,19.44,October 21 2019
217,Nome,US,-94.42,30.04,82.99,88,75,9.17,October 21 2019
218,Port Macquarie,AU,152.91,-31.43,73.0,37,42,12.75,October 21 2019
219,Anadyr,RU,177.51,64.73,23.0,85,90,11.18,October 21 2019
220,Fortuna,US,-124.16,40.6,52.0,87,1,7.63,October 21 2019
221,Huarmey,PE,-78.15,-10.07,61.44,89,100,17.69,October 21 2019
222,Wamba,CD,27.99,2.14,67.43,99,100,1.66,October 21 2019
223,Rudnya,RU,44.56,50.8,50.6,75,64,7.4,October 21 2019
224,Ellisras,ZA,27.74,-23.67,84.69,18,7,3.02,October 21 2019
225,Torbat-e Jam,IR,60.63,35.24,61.65,20,86,8.14,October 21 2019
226,Ilulissat,GL,-51.1,69.22,19.4,62,75,2.24,October 21 2019
227,Soe,EE,26.05,57.91,52.0,93,100,13.87,October 21 2019
228,Miri,NG,9.75,10.31,71.98,86,100,1.34,October 21 2019
229,Longyearbyen,NO,15.63,78.22,12.2,66,75,3.36,October 21 2019
230,Gondanglegi,ID,112.01,-7.75,93.33,40,2,14.79,October 21 2019
231,Dunhua,CN,128.23,43.37,53.91,28,0,4.88,October 21 2019
232,Aripuana,BR,-60.63,-9.17,72.85,92,100,1.16,October 21 2019
233,Fuenlabrada,ES,-3.79,40.28,46.0,100,0,2.24,October 21 2019
234,Maningrida,AU,134.23,-12.05,89.46,41,12,13.31,October 21 2019
235,Foam Lake,CA,-103.53,51.65,33.01,78,31,3.6,October 21 2019
236,Zaton,BA,17.84,43.23,46.4,93,40,3.36,October 21 2019
237,Pitkyaranta,RU,31.48,61.57,41.78,93,99,12.77,October 21 2019
238,Wilmington,US,-75.55,39.75,54.0,100,90,4.7,October 21 2019
239,Kosh-Agach,RU,88.66,49.99,19.82,60,100,11.74,October 21 2019
240,Greenland,US,-94.18,35.99,71.6,68,40,24.16,October 21 2019
241,Nizhniy Tsasuchey,RU,115.13,50.52,41.02,29,33,18.79,October 21 2019
242,Saint-Philippe,CA,-73.48,45.36,46.0,100,1,2.48,October 21 2019
243,Katsuura,JP,134.5,33.93,68.0,77,90,8.05,October 21 2019
244,Araguaina,BR,-48.21,-7.19,74.88,81,14,1.1,October 21 2019
245,Arinos,BR,-46.11,-15.92,72.56,70,86,6.17,October 21 2019
246,Nantucket,US,-70.1,41.28,55.99,93,90,6.93,October 21 2019
247,Ilhabela,BR,-45.36,-23.78,69.1,58,94,5.19,October 21 2019
248,Chau Doc,VN,105.12,10.71,87.95,63,97,5.03,October 21 2019
249,Vila Franca do Campo,PT,-25.43,37.72,60.8,67,40,6.93,October 21 2019
250,Beneditinos,BR,-42.36,-5.46,77.0,88,0,3.36,October 21 2019
251,Aykhal,RU,111.51,65.95,10.4,92,0,2.24,October 21 2019
252,Dauphin,CA,-100.04,51.15,37.4,76,1,8.05,October 21 2019
253,Waipawa,NZ,176.59,-39.94,55.99,64,34,10.0,October 21 2019
254,Praia,BR,-43.81,-20.25,71.6,64,0,11.41,October 21 2019
255,Ponta do Sol,BR,-46.0,-20.63,66.24,86,59,1.77,October 21 2019
256,Bogorodskoye,RU,140.44,52.37,45.63,75,89,8.72,October 21 2019
257,Ribeira Grande,PT,-28.7,38.52,65.58,60,76,9.42,October 21 2019
258,Lyubar,UA,27.76,49.92,54.25,70,12,8.68,October 21 2019
259,Valparaiso,US,-87.06,41.47,54.0,87,90,6.93,October 21 2019
260,Te Anau,NZ,167.72,-45.41,38.88,94,89,8.08,October 21 2019
261,Berdigestyakh,RU,126.7,62.1,30.53,87,81,5.91,October 21 2019
262,Abalak,NE,6.28,15.46,83.43,39,90,1.59,October 21 2019
263,Chunskiy,RU,99.63,56.08,28.66,50,75,6.58,October 21 2019
264,Gwadar,PK,62.33,25.12,84.35,64,0,1.07,October 21 2019
265,Oranjemund,ZA,16.43,-28.55,58.12,94,88,15.05,October 21 2019
266,Antalaha,MG,50.28,-14.9,81.74,50,2,1.52,October 21 2019
267,Abilene,US,-99.73,32.45,78.8,31,75,9.17,October 21 2019
268,Plouzane,FR,-4.62,48.38,50.0,93,23,4.7,October 21 2019
269,Saldanha,PT,-6.55,41.42,43.44,91,0,1.57,October 21 2019
270,East London,ZA,27.91,-33.02,64.4,72,0,8.05,October 21 2019
271,Sao Jose da Coroa Grande,BR,-35.15,-8.9,72.88,83,73,3.8,October 21 2019
272,The Valley,AI,-63.06,18.22,82.4,78,20,5.82,October 21 2019
273,Alofi,NU,-169.92,-19.06,77.0,94,9,4.7,October 21 2019
274,Sao Joao da Barra,BR,-41.05,-21.64,64.28,78,99,3.44,October 21 2019
275,Quelimane,MZ,36.89,-17.88,77.0,78,0,6.93,October 21 2019
276,Svetlogorsk,RU,59.15,53.14,24.8,79,75,8.95,October 21 2019
277,San Juan,AR,-68.53,-31.54,51.09,37,0,2.15,October 21 2019
278,Belaya Gora,RU,146.19,68.54,6.19,98,84,1.39,October 21 2019
279,Hay River,CA,-115.79,60.82,30.2,92,75,4.7,October 21 2019
280,Mayo,CA,-135.9,63.59,30.2,92,90,1.61,October 21 2019
281,Klaksvik,FO,-6.59,62.23,46.4,87,100,23.04,October 21 2019
282,Coquimbo,CL,-71.34,-29.95,52.0,71,0,12.19,October 21 2019
283,Grindavik,IS,-22.43,63.84,42.8,93,90,17.22,October 21 2019
284,Petropavlovsk-Kamchatskiy,RU,158.65,53.05,44.6,42,4,8.95,October 21 2019
285,Takoradi,GH,-1.75,4.89,74.0,94,95,2.66,October 21 2019
286,Sabang,PH,121.11,13.8,87.01,75,36,7.0,October 21 2019
287,Jieshi,CN,115.83,22.82,80.01,58,0,4.45,October 21 2019
288,Laguna,BZ,-88.94,16.17,78.8,94,0,2.19,October 21 2019
289,Westport,US,-73.36,41.14,54.0,87,75,11.41,October 21 2019
290,Saint-Joseph,FR,6.97,43.56,64.99,100,100,1.12,October 21 2019
291,Kolpashevo,RU,82.9,58.31,28.53,47,55,10.8,October 21 2019
292,Hualmay,PE,-77.61,-11.1,61.4,89,42,17.85,October 21 2019
293,Gashua,NG,11.04,12.87,84.94,48,67,5.44,October 21 2019
294,Madimba,CM,9.93,4.42,75.2,100,40,1.12,October 21 2019
295,Pella,GR,22.53,40.76,61.0,93,20,3.36,October 21 2019
296,Leningradskiy,RU,178.42,69.38,25.58,94,100,24.49,October 21 2019
297,Luancheng,CN,114.65,37.88,66.2,39,0,2.24,October 21 2019
298,Sulangan,PH,123.72,11.14,84.3,72,11,5.61,October 21 2019
299,Tommot,RU,126.27,58.97,31.41,85,96,6.85,October 21 2019
300,Nakamura,JP,136.87,35.17,69.8,68,75,2.24,October 21 2019
301,Ayame,CI,-3.16,5.61,72.88,96,67,2.15,October 21 2019
302,Bathsheba,BB,-59.52,13.22,77.0,88,20,4.7,October 21 2019
303,Beisfjord,NO,17.6,68.38,33.8,96,90,11.41,October 21 2019
304,Zyryanka,RU,150.89,65.73,10.26,93,90,7.58,October 21 2019
305,Pervomayskoye,RU,86.23,57.07,26.21,44,0,6.31,October 21 2019
306,Labuhan,ID,115.51,-2.54,93.75,45,78,2.51,October 21 2019
307,Neiafu,TO,-173.98,-18.65,82.4,74,40,3.36,October 21 2019
308,Cardston,CA,-113.32,49.2,39.99,55,90,12.75,October 21 2019
309,Luau,CD,22.23,-10.7,73.86,69,72,2.73,October 21 2019
310,Luanda,AO,13.24,-8.83,75.2,88,90,3.36,October 21 2019
311,Half Moon Bay,US,-122.43,37.46,61.0,82,1,6.93,October 21 2019
312,Tilichiki,RU,166.1,60.47,17.91,66,0,7.92,October 21 2019
313,Terrell,US,-96.28,32.74,80.01,78,90,12.75,October 21 2019
314,Flin Flon,CA,-101.88,54.77,29.14,96,74,5.01,October 21 2019
315,Altamont,CA,-98.5,49.4,46.0,100,90,6.93,October 21 2019
316,Prince Rupert,CA,-130.32,54.32,46.4,93,90,3.36,October 21 2019
317,Saint George,GR,22.34,39.45,57.2,100,40,1.45,October 21 2019
318,Mercedes,UY,-58.03,-33.25,55.0,93,100,15.01,October 21 2019
319,Grand Forks,US,-97.06,47.91,50.0,76,90,5.82,October 21 2019
320,Severo-Kurilsk,RU,156.12,50.68,42.48,72,3,13.29,October 21 2019
321,Jalu,LY,21.55,29.03,70.72,66,1,8.12,October 21 2019
322,Bandiagara,ML,-3.61,14.35,84.24,49,100,11.5,October 21 2019
323,Inhambane,MZ,35.38,-23.87,73.4,94,20,8.72,October 21 2019
324,Armidale,AU,151.67,-30.51,66.99,24,13,3.0,October 21 2019
325,Dunda,IN,78.32,30.62,71.6,64,0,5.28,October 21 2019
326,Marsa Matruh,EG,27.25,31.35,76.09,77,76,15.37,October 21 2019
327,Rome,IT,12.48,41.89,66.0,82,0,4.7,October 21 2019
328,Dunmore East,IE,-6.99,52.15,39.99,91,0,4.85,October 21 2019
329,Gornyy,RU,48.54,51.76,49.52,75,71,8.77,October 21 2019
330,Comodoro Rivadavia,AR,-67.48,-45.87,62.6,45,0,4.7,October 21 2019
331,Joao Pinheiro,BR,-46.17,-17.74,72.92,70,91,1.72,October 21 2019
332,Aksha,RU,113.29,50.28,36.63,38,46,13.02,October 21 2019
333,Belyy Yar,RU,91.39,53.6,26.6,63,40,13.42,October 21 2019
334,Portland,US,-70.25,43.66,50.0,93,90,4.7,October 21 2019
335,Springdale,US,-94.13,36.19,71.6,68,40,24.16,October 21 2019
336,Nouadhibou,MR,-17.03,20.93,68.0,88,59,14.99,October 21 2019
337,Tarauaca,BR,-70.77,-8.16,71.7,84,45,1.7,October 21 2019
338,Kijang,KR,129.21,35.24,71.6,46,40,16.11,October 21 2019
339,Thayetmyo,MM,95.18,19.32,92.99,58,9,1.48,October 21 2019
340,Juegang,CN,121.18,32.31,73.99,57,100,8.88,October 21 2019
341,Gijon,ES,-5.66,43.54,53.01,87,75,4.7,October 21 2019
342,Quechultenango,MX,-99.24,17.41,61.58,98,100,2.86,October 21 2019
343,Caravelas,BR,-39.27,-17.73,74.05,79,100,10.2,October 21 2019
344,Sompeta,IN,84.6,18.93,84.03,66,97,4.5,October 21 2019
345,San Vicente,EC,-80.41,-0.59,73.4,78,75,10.29,October 21 2019
346,Mackay,CA,-115.58,53.65,37.4,69,90,2.24,October 21 2019
347,Botucatu,BR,-48.44,-22.89,55.26,84,82,7.23,October 21 2019
348,Chuy,UY,-53.46,-33.69,57.12,80,100,8.59,October 21 2019
349,Saint-Louis,SN,-16.5,16.03,79.99,76,42,17.02,October 21 2019
350,Taltal,CL,-70.49,-25.41,50.37,81,0,2.55,October 21 2019
351,Sibi,PK,67.88,29.55,85.45,19,0,2.98,October 21 2019
352,Ambovombe,MG,46.09,-25.18,73.55,64,0,1.66,October 21 2019
353,Altay,CN,88.13,47.83,25.13,86,99,3.09,October 21 2019
354,Kansanshi,ZM,26.43,-12.1,78.46,46,0,2.35,October 21 2019
355,Biak,ID,122.88,-0.91,76.36,57,4,6.89,October 21 2019
356,Zhuhai,CN,112.04,40.71,55.4,22,0,2.24,October 21 2019
357,Bilibino,RU,166.44,68.06,-1.68,87,0,2.3,October 21 2019
358,Pimentel,BR,-45.5,-3.7,72.58,93,85,1.34,October 21 2019
359,Azogues,EC,-78.85,-2.74,51.8,100,62,2.24,October 21 2019
360,Gushikawa,JP,127.87,26.35,84.2,74,20,12.75,October 21 2019
361,Sao Filipe,CV,-24.5,14.9,77.01,87,50,23.31,October 21 2019
362,Vostok,RU,135.83,46.45,48.51,59,74,9.44,October 21 2019
363,Lata,IN,78.62,30.78,38.23,46,1,8.66,October 21 2019
364,Takhtamygda,RU,123.57,54.1,30.62,94,100,4.21,October 21 2019
365,Volsk,RU,47.39,52.04,48.31,75,68,7.81,October 21 2019
366,Tabou,CI,-7.36,4.42,73.24,97,48,2.51,October 21 2019
367,Clyde River,CA,-68.59,70.47,28.4,86,90,13.87,October 21 2019
368,Iqaluit,CA,-68.52,63.75,30.2,86,90,18.34,October 21 2019
369,Harper,US,-99.24,30.3,78.8,74,1,8.05,October 21 2019
370,Matara,BI,29.48,-3.48,59.37,80,99,3.91,October 21 2019
371,Sorland,NO,12.69,67.67,39.2,86,75,12.82,October 21 2019
372,Zhoucheng,CN,119.33,31.35,75.2,47,20,8.95,October 21 2019
373,Komsomolskiy,RU,63.78,67.55,13.39,86,1,1.57,October 21 2019
374,Batagay,RU,134.64,67.65,15.43,95,99,1.68,October 21 2019
375,Bustamante,MX,-100.51,26.53,74.56,72,66,3.2,October 21 2019
376,Namibe,AO,12.15,-15.19,69.07,85,60,2.73,October 21 2019
377,Buraydah,SA,43.97,26.33,69.8,37,20,3.36,October 21 2019
378,Rocha,UY,-54.34,-34.48,51.23,93,100,1.99,October 21 2019
379,Nanchang,CN,115.89,28.68,82.24,23,26,5.53,October 21 2019
380,Yar-Sale,RU,70.83,66.83,22.57,93,9,6.91,October 21 2019
381,Bud,NO,6.91,62.91,41.0,86,75,8.05,October 21 2019
382,Boyolangu,ID,111.9,-8.09,94.66,30,3,7.63,October 21 2019
383,Lorengau,PG,147.27,-2.02,82.33,80,97,7.63,October 21 2019
384,Sens,FR,3.28,48.2,51.8,87,0,16.11,October 21 2019
385,Merauke,ID,140.4,-8.49,79.35,76,37,20.49,October 21 2019
386,Voh,NC,164.69,-20.95,74.61,83,1,18.81,October 21 2019
387,Hofn,IS,-15.21,64.25,36.06,99,100,4.16,October 21 2019
388,San Rafael,AR,-68.33,-34.61,59.01,47,0,5.26,October 21 2019
389,Hervey Bay,AU,152.85,-25.3,78.8,44,14,23.04,October 21 2019
390,Sidney,US,-104.16,47.72,37.99,69,1,5.82,October 21 2019
391,Agnibilekrou,CI,-3.2,7.13,71.66,99,100,3.85,October 21 2019
392,Matiri,UG,30.76,0.58,64.23,95,68,1.48,October 21 2019
393,Roald,NO,6.12,62.58,41.0,93,75,3.36,October 21 2019
394,Russell,US,-98.86,38.9,55.4,37,40,17.22,October 21 2019
395,Zambezi,ZM,23.12,-13.55,75.51,49,0,6.38,October 21 2019
396,Namatanai,PG,152.44,-3.66,83.13,72,61,8.19,October 21 2019
397,Pochutla,MX,-96.47,15.74,78.8,69,40,5.82,October 21 2019
398,Mount Isa,AU,139.49,-20.73,93.2,7,0,12.75,October 21 2019
399,Hambantota,LK,81.12,6.12,84.2,89,75,8.05,October 21 2019
400,College,US,-147.8,64.86,34.0,92,90,2.48,October 21 2019
401,Maturin,VE,-63.18,9.75,68.58,91,18,2.73,October 21 2019
402,Presidencia Roque Saenz Pena,AR,-60.44,-26.79,51.9,98,76,6.98,October 21 2019
403,Satun,TH,100.07,6.62,87.8,88,75,5.82,October 21 2019
404,Hobyo,SO,48.53,5.35,83.27,64,76,3.78,October 21 2019
405,Kununurra,AU,128.74,-15.77,104.0,16,15,12.75,October 21 2019
406,Palmas Bellas,PA,-80.09,9.23,77.0,94,100,1.12,October 21 2019
407,Chokurdakh,RU,147.9,70.62,-0.4,99,73,2.55,October 21 2019
408,Hamilton,CA,-79.87,43.26,51.01,100,5,3.36,October 21 2019
409,Alyangula,AU,136.42,-13.85,95.0,21,88,13.87,October 21 2019
410,Bellevue,DE,10.19,50.05,50.0,100,1,2.35,October 21 2019
411,Brainerd,US,-94.2,46.36,53.6,69,75,5.82,October 21 2019
412,Djambala,CG,14.76,-2.55,69.52,93,54,5.01,October 21 2019
413,San Quintin,PH,120.52,17.54,84.49,68,26,6.58,October 21 2019
414,Chichibu,JP,139.07,35.99,72.0,72,75,4.7,October 21 2019
415,Alexandria,RO,25.33,43.97,60.54,69,0,4.34,October 21 2019
416,Crossfield,CA,-114.03,51.43,35.01,68,40,2.35,October 21 2019
417,Omsukchan,RU,155.8,62.53,9.2,95,95,3.94,October 21 2019
418,Touros,BR,-35.46,-5.2,75.2,83,75,4.7,October 21 2019
419,Meulaboh,ID,96.13,4.14,79.89,82,86,8.14,October 21 2019
420,Tyukalinsk,RU,72.2,55.87,30.17,47,53,15.21,October 21 2019
421,Malindi,KE,40.12,-3.22,75.2,94,40,6.93,October 21 2019
422,Teknaf,BD,92.31,20.86,83.43,75,0,15.23,October 21 2019
423,Ixtapa,MX,-105.21,20.71,77.0,100,90,3.36,October 21 2019
424,Cairns,AU,145.77,-16.92,84.99,54,75,16.11,October 21 2019
425,Borogontsy,RU,131.17,62.67,29.92,90,77,3.49,October 21 2019
426,Hazorasp,UZ,61.08,41.32,51.8,34,0,4.7,October 21 2019
427,Banda Aceh,ID,95.32,5.56,82.42,75,80,8.05,October 21 2019
428,Tuatapere,NZ,167.69,-46.13,46.0,86,100,8.99,October 21 2019
429,Duluth,US,-92.13,46.77,50.0,87,90,6.93,October 21 2019
430,Sinnamary,GF,-52.96,5.38,80.98,80,3,11.34,October 21 2019
431,Srednekolymsk,RU,153.71,67.46,12.55,95,85,4.5,October 21 2019
432,Kaeo,NZ,173.78,-35.1,62.01,62,0,11.99,October 21 2019
433,Martin,US,-88.85,36.34,66.2,77,90,9.17,October 21 2019
434,Zharkent,KZ,80.0,44.17,36.7,54,87,6.06,October 21 2019
435,Dargaville,NZ,173.86,-35.94,58.47,74,11,18.43,October 21 2019
436,Moengo,SR,-54.4,5.62,72.78,99,32,1.52,October 21 2019
437,Amos,CA,-78.12,48.57,46.4,100,40,4.7,October 21 2019
438,Luderitz,NA,15.16,-26.65,58.34,75,0,22.84,October 21 2019
439,Chalmette,US,-89.96,29.94,75.2,94,1,4.7,October 21 2019
440,Megion,RU,76.11,61.04,23.0,79,40,13.42,October 21 2019
441,Kamaishi,JP,141.86,39.28,64.4,63,75,2.24,October 21 2019
442,Eenhana,NA,16.34,-17.48,79.08,21,29,11.1,October 21 2019
443,Rantoul,US,-88.16,40.31,57.99,87,90,6.93,October 21 2019
444,Vallenar,CL,-70.76,-28.58,48.17,75,0,2.44,October 21 2019
445,Yangjiang,CN,111.96,21.85,84.99,50,0,4.27,October 21 2019
446,Colares,PT,-9.45,38.8,54.0,87,0,2.24,October 21 2019
447,Whitehorse,CA,-135.06,60.72,26.6,92,20,2.24,October 21 2019
448,Spas-Klepiki,RU,40.18,55.13,53.01,84,100,4.0,October 21 2019
449,Gotsu,JP,132.22,35.01,68.0,64,75,3.36,October 21 2019
450,Zhmerynka,UA,28.11,49.04,51.8,100,90,4.47,October 21 2019
451,Ahipara,NZ,173.16,-35.17,62.01,71,26,18.66,October 21 2019
452,Jishou,CN,109.7,28.26,69.36,62,91,1.86,October 21 2019
453,Saint-Georges,CA,-70.67,46.12,42.01,92,59,2.91,October 21 2019
454,Cap Malheureux,MU,57.61,-19.98,75.99,88,90,13.87,October 21 2019
455,Port Shepstone,ZA,30.45,-30.74,63.42,72,81,9.57,October 21 2019
456,Pudem,RU,52.17,58.3,40.61,99,99,3.69,October 21 2019
457,Plaster Rock,CA,-67.4,46.91,41.0,86,90,2.71,October 21 2019
458,Lazaro Cardenas,MX,-105.62,28.39,64.0,43,0,1.99,October 21 2019
459,Mezhova,UA,36.73,48.26,56.34,69,10,4.36,October 21 2019
460,Aksarka,RU,67.8,66.56,26.46,74,14,1.43,October 21 2019
461,Terra Roxa,BR,-48.33,-20.79,73.4,56,0,6.93,October 21 2019
462,Cayenne,GF,-52.33,4.94,75.2,94,32,3.49,October 21 2019
463,Lovington,US,-103.35,32.94,57.2,11,1,17.22,October 21 2019
464,Lincoln,GB,-0.54,53.23,51.8,93,75,10.29,October 21 2019
465,Mangrol,IN,76.51,25.33,78.8,78,20,4.52,October 21 2019
466,Abha,SA,42.5,18.22,59.0,33,0,10.6,October 21 2019
467,Krasnogvardeyskiy,RU,62.32,57.38,35.46,84,100,10.49,October 21 2019
468,Leshukonskoye,RU,45.76,64.9,27.94,89,35,5.77,October 21 2019
469,Baillif,GP,-61.75,16.02,77.0,94,90,3.36,October 21 2019
470,Saint Anthony,US,-111.68,43.97,37.4,64,1,14.99,October 21 2019
471,Port Hedland,AU,118.58,-20.31,98.6,27,20,14.99,October 21 2019
472,Cristinapolis,BR,-37.76,-11.48,70.51,95,50,7.31,October 21 2019
473,Tevaitoa,PF,-151.5,-16.78,76.81,81,100,5.66,October 21 2019
474,Tessaoua,NE,7.99,13.76,82.75,47,24,3.6,October 21 2019
475,Port Blair,IN,92.75,11.67,77.0,94,75,4.7,October 21 2019
476,Lavrentiya,RU,-170.99,65.58,24.75,97,100,5.93,October 21 2019
477,Ziarat,PK,67.73,30.38,60.21,18,0,8.34,October 21 2019
478,Olga,US,-118.17,34.11,75.2,40,1,9.24,October 21 2019
479,Nishihara,JP,139.53,35.74,72.0,68,75,12.75,October 21 2019
480,Yichang,CN,111.32,30.77,63.07,67,99,2.66,October 21 2019
481,Kasongo-Lunda,CD,16.82,-6.48,69.19,95,73,1.23,October 21 2019
482,Nhulunbuy,AU,136.78,-12.18,91.4,41,20,18.34,October 21 2019
483,Redmond,US,-122.12,47.67,52.0,93,90,6.93,October 21 2019
484,Mikkeli,FI,27.27,61.69,35.6,100,90,3.36,October 21 2019
485,Boa Esperanca,BR,-60.0,-1.91,73.06,94,88,1.57,October 21 2019
486,Mildura,AU,142.16,-34.18,79.0,20,0,11.41,October 21 2019
487,Ilfracombe,GB,-4.13,51.21,52.0,87,90,10.29,October 21 2019
488,Mobile,US,-88.04,30.69,75.2,94,1,4.7,October 21 2019
489,Walla Walla,US,-118.33,46.06,55.0,70,40,9.17,October 21 2019
490,Biloela,AU,150.51,-24.4,75.91,42,27,16.33,October 21 2019
491,Meitingen,DE,10.85,48.55,53.01,100,16,3.36,October 21 2019
492,Quatre Cocos,MU,57.76,-20.21,75.99,88,90,13.87,October 21 2019
493,Tadine,NC,167.88,-21.55,74.92,79,1,16.6,October 21 2019
494,Roebourne,AU,117.15,-20.77,103.34,17,79,14.09,October 21 2019
495,Bo Rai,TH,102.54,12.57,93.2,56,20,3.36,October 21 2019
496,Sterling,US,-77.4,39.0,55.0,93,90,5.82,October 21 2019
497,Farsund,NO,6.8,58.09,46.99,84,0,1.99,October 21 2019
498,Port Hardy,CA,-127.42,50.7,48.2,93,90,11.41,October 21 2019
499,Salalah,OM,54.1,17.01,87.73,31,30,8.79,October 21 2019
500,Saint-Pierre,FR,4.24,48.95,57.2,87,75,17.22,October 21 2019
501,Abonnema,NG,6.79,4.71,76.05,92,99,3.78,October 21 2019
502,Gaya,IN,85.01,24.8,77.0,88,75,4.7,October 21 2019
503,Annau,TM,58.52,37.89,64.4,48,75,4.7,October 21 2019
504,Tera,CY,32.42,34.97,66.2,59,20,8.05,October 21 2019
505,Kudahuvadhoo,MV,72.89,2.67,82.87,73,95,8.43,October 21 2019
506,Lamu,CN,102.37,35.77,53.55,44,51,3.65,October 21 2019
507,Ternate,PH,120.72,14.29,93.0,66,40,8.05,October 21 2019
508,Joensuu,FI,29.76,62.6,34.0,100,90,3.36,October 21 2019
509,Innisfail,AU,146.03,-17.52,79.38,61,13,9.22,October 21 2019
510,Nanpara,IN,81.5,27.87,82.6,50,64,7.87,October 21 2019
511,Goderich,CA,-81.71,43.74,46.99,92,36,5.01,October 21 2019
512,Kieta,PG,155.63,-6.22,84.42,70,59,8.81,October 21 2019
513,Yerbogachen,RU,108.01,61.28,24.68,59,100,5.48,October 21 2019
514,Kungurtug,RU,97.53,50.6,28.55,84,100,5.35,October 21 2019
515,Guardiagrele,IT,14.22,42.2,61.0,100,0,5.82,October 21 2019
516,Hoquiam,US,-123.89,46.98,55.0,93,90,12.75,October 21 2019
517,Port Moresby,PG,147.16,-9.47,84.2,74,40,17.22,October 21 2019
518,Hami,CN,93.51,42.84,59.94,15,0,2.33,October 21 2019
519,Puerto Escondido,MX,-97.07,15.86,78.8,69,40,5.82,October 21 2019
520,General Roca,AR,-67.58,-39.03,52.4,53,60,34.87,October 21 2019
521,Fukue,JP,136.69,35.03,70.0,68,75,2.24,October 21 2019
522,Hoshcha,UA,26.67,50.6,46.4,100,20,4.47,October 21 2019
523,Halifax,CA,-63.58,44.65,43.0,81,40,3.36,October 21 2019
524,Kloulklubed,PW,134.26,7.04,84.2,79,75,5.82,October 21 2019
525,Beloha,MG,45.06,-25.17,87.45,23,0,1.28,October 21 2019
526,Bull Savanna,JM,-77.59,17.89,81.61,77,0,7.07,October 21 2019
527,Gao,ML,-0.04,16.28,87.07,41,92,11.34,October 21 2019
